cod_geo,geo,nivel_geo,cod_dicofre11,dicofre11_2,cod_nuts3,nuts3,cod_nuts2,nuts2,cod_nuts1,nuts1,cod_pais,pais,cod_tot,tot,cod_geo_nuts2002,cod_aces,aces1,aces2,cod_ars,ars
1111601,Arcos de Valdevez,4,'1601,1601,111,Alto Minho,'11,Norte,'1,Continente,PT,Portugal,T,Total,1111601,123,ALTO MINHO,ULS Alto Minho,11,Norte
1111602,Caminha,4,'1602,1602,111,Alto Minho,'11,Norte,'1,Continente,PT,Portugal,T,Total,1111602,123,ALTO MINHO,ULS Alto Minho,11,Norte
1111603,Melgaço,4,'1603,1603,111,Alto Minho,'11,Norte,'1,Continente,PT,Portugal,T,Total,1111603,123,ALTO MINHO,ULS Alto Minho,11,Norte
1111604,Monção,4,'1604,1604,111,Alto Minho,'11,Norte,'1,Continente,PT,Portugal,T,Total,1111604,123,ALTO MINHO,ULS Alto Minho,11,Norte
1111605,Paredes de Coura,4,'1605,1605,111,Alto Minho,'11,Norte,'1,Continente,PT,Portugal,T,Total,1111605,123,ALTO MINHO,ULS Alto Minho,11,Norte
1111606,Ponte da Barca,4,'1606,1606,111,Alto Minho,'11,Norte,'1,Continente,PT,Portugal,T,Total,1111606,123,ALTO MINHO,ULS Alto Minho,11,Norte
1111607,Ponte de Lima,4,'1607,1607,111,Alto Minho,'11,Norte,'1,Continente,PT,Portugal,T,Total,1111607,123,ALTO MINHO,ULS Alto Minho,11,Norte
1111608,Valença,4,'1608,1608,111,Alto Minho,'11,Norte,'1,Continente,PT,Portugal,T,Total,1111608,123,ALTO MINHO,ULS Alto Minho,11,Norte
1111609,Viana do Castelo,4,'1609,1609,111,Alto Minho,'11,Norte,'1,Continente,PT,Portugal,T,Total,1111609,123,ALTO MINHO,ULS Alto Minho,11,Norte
1111610,Vila Nova de Cerveira,4,'1610,1610,111,Alto Minho,'11,Norte,'1,Continente,PT,Portugal,T,Total,1111610,123,ALTO MINHO,ULS Alto Minho,11,Norte
1120301,Amares,4,'0301,301,112,Cávado,'11,Norte,'1,Continente,PT,Portugal,T,Total,1120301,107,CÁVADO II,ACeS Gerês/Cabreira,11,Norte
1120302,Barcelos,4,'0302,302,112,Cávado,'11,Norte,'1,Continente,PT,Portugal,T,Total,1120302,108,CÁVADO III,ACeS Barcelos/Esposende,11,Norte
1120303,Braga,4,'0303,303,112,Cávado,'11,Norte,'1,Continente,PT,Portugal,T,Total,1120303,106,CÁVADO I,ACeS Braga,11,Norte
1120306,Esposende,4,'0306,306,112,Cávado,'11,Norte,'1,Continente,PT,Portugal,T,Total,1120306,108,CÁVADO III,ACeS Barcelos/Esposende,11,Norte
1120310,Terras de Bouro,4,'0310,310,112,Cávado,'11,Norte,'1,Continente,PT,Portugal,T,Total,1120310,107,CÁVADO II,ACeS Gerês/Cabreira,11,Norte
1120313,Vila Verde,4,'0313,313,112,Cávado,'11,Norte,'1,Continente,PT,Portugal,T,Total,1120313,107,CÁVADO II,ACeS Gerês/Cabreira,11,Norte
1190304,Cabeceiras de Basto,4,'0304,304,119,Ave,'11,Norte,'1,Continente,PT,Portugal,T,Total,1150304,104,ALTO AVE,ACeS Guimarães/Vizela/Terras de Basto,11,Norte
1190307,Fafe,4,'0307,307,119,Ave,'11,Norte,'1,Continente,PT,Portugal,T,Total,1130307,104,ALTO AVE,ACeS Guimarães/Vizela/Terras de Basto,11,Norte
1190308,Guimarães,4,'0308,308,119,Ave,'11,Norte,'1,Continente,PT,Portugal,T,Total,1130308,104,ALTO AVE,ACeS Guimarães/Vizela/Terras de Basto,11,Norte
1191705,Mondim de Basto,4,'1705,1705,119,Ave,'11,Norte,'1,Continente,PT,Portugal,T,Total,1151705,104,ALTO AVE,ACeS Guimarães/Vizela/Terras de Basto,11,Norte
1190309,Póvoa de Lanhoso,4,'0309,309,119,Ave,'11,Norte,'1,Continente,PT,Portugal,T,Total,1130309,107,CÁVADO II,ACeS Gerês/Cabreira,11,Norte
1190311,Vieira do Minho,4,'0311,311,119,Ave,'11,Norte,'1,Continente,PT,Portugal,T,Total,1130311,107,CÁVADO II,ACeS Gerês/Cabreira,11,Norte
1190312,Vila Nova de Famalicão,4,'0312,312,119,Ave,'11,Norte,'1,Continente,PT,Portugal,T,Total,1130312,105,AVE,ACeS Famalicão,11,Norte
1190314,Vizela,4,'0314,314,119,Ave,'11,Norte,'1,Continente,PT,Portugal,T,Total,1130314,104,ALTO AVE,ACeS Guimarães/Vizela/Terras de Basto,11,Norte
11A0104,Arouca,4,'0104,104,'11A,Área Metropolitana do Porto,'11,Norte,'1,Continente,PT,Portugal,T,Total,1160104,120,ENTRE DOURO E VOUGA I,ACeS Feira/Arouca,11,Norte
11A0107,Espinho,4,'0107,107,'11A,Área Metropolitana do Porto,'11,Norte,'1,Continente,PT,Portugal,T,Total,1140107,118,GRANDE PORTO VII+VIII,ACeS Gaia e Espinho/Gaia,11,Norte
11A1304,Gondomar,4,'1304,1304,'11A,Área Metropolitana do Porto,'11,Norte,'1,Continente,PT,Portugal,T,Total,1141304,113,GRANDE PORTO II,ACeS Gondomar,11,Norte
11A1306,Maia,4,'1306,1306,'11A,Área Metropolitana do Porto,'11,Norte,'1,Continente,PT,Portugal,T,Total,1141306,114,GRANDE PORTO III,ACeS Maia/Valongo,11,Norte
11A1308,Matosinhos,4,'1308,1308,'11A,Área Metropolitana do Porto,'11,Norte,'1,Continente,PT,Portugal,T,Total,1141308,122,MATOSINHOS,ULS Matosinhos,11,Norte
11A0113,Oliveira de Azeméis,4,'0113,113,'11A,Área Metropolitana do Porto,'11,Norte,'1,Continente,PT,Portugal,T,Total,1160113,121,ENTRE DOURO E VOUGA II,ACeS Aveiro Norte,11,Norte
11A1310,Paredes,4,'1310,1310,'11A,Área Metropolitana do Porto,'11,Norte,'1,Continente,PT,Portugal,T,Total,1151310,110,TÂMEGA II,ACeS Vale do Sousa Sul,11,Norte
11A1312,Porto,4,'1312,1312,'11A,Área Metropolitana do Porto,'11,Norte,'1,Continente,PT,Portugal,T,Total,1141312,116,GRANDE PORTO V+VI,ACeS Porto Ocidental e Porto Oriental,11,Norte
11A1313,Póvoa de Varzim,4,'1313,1313,'11A,Área Metropolitana do Porto,'11,Norte,'1,Continente,PT,Portugal,T,Total,1141313,115,GRANDE PORTO IV,ACeS Póvoa de Varzim/Vila do Conde,11,Norte
11A0109,Santa Maria da Feira,4,'0109,109,'11A,Área Metropolitana do Porto,'11,Norte,'1,Continente,PT,Portugal,T,Total,1160109,120,ENTRE DOURO E VOUGA I,ACeS Feira/Arouca,11,Norte
11A1314,Santo Tirso,4,'1314,1314,'11A,Área Metropolitana do Porto,'11,Norte,'1,Continente,PT,Portugal,T,Total,1131314,112,GRANDE PORTO I,ACeS Santo Tirso/Trofa,11,Norte
11A0116,São João da Madeira,4,'0116,116,'11A,Área Metropolitana do Porto,'11,Norte,'1,Continente,PT,Portugal,T,Total,1160116,121,ENTRE DOURO E VOUGA II,ACeS Aveiro Norte,11,Norte
11A1318,Trofa,4,'1318,1318,'11A,Área Metropolitana do Porto,'11,Norte,'1,Continente,PT,Portugal,T,Total,1131318,112,GRANDE PORTO I,ACeS Santo Tirso/Trofa,11,Norte
11A0119,Vale de Cambra,4,'0119,119,'11A,Área Metropolitana do Porto,'11,Norte,'1,Continente,PT,Portugal,T,Total,1160119,121,ENTRE DOURO E VOUGA II,ACeS Aveiro Norte,11,Norte
11A1315,Valongo,4,'1315,1315,'11A,Área Metropolitana do Porto,'11,Norte,'1,Continente,PT,Portugal,T,Total,1141315,114,GRANDE PORTO III,ACeS Maia/Valongo,11,Norte
11A1316,Vila do Conde,4,'1316,1316,'11A,Área Metropolitana do Porto,'11,Norte,'1,Continente,PT,Portugal,T,Total,1141316,115,GRANDE PORTO IV,ACeS Póvoa de Varzim/Vila do Conde,11,Norte
11A1317,Vila Nova de Gaia,4,'1317,1317,'11A,Área Metropolitana do Porto,'11,Norte,'1,Continente,PT,Portugal,T,Total,1141317,118,GRANDE PORTO VII+VIII,ACeS Gaia e Espinho/Gaia,11,Norte
11B1702,Boticas,4,'1702,1702,'11B,Alto Tâmega,'11,Norte,'1,Continente,PT,Portugal,T,Total,1181702,101,TRÁS-OS-MONTES,ACeS Alto Tâmega e Barroso,11,Norte
11B1703,Chaves,4,'1703,1703,'11B,Alto Tâmega,'11,Norte,'1,Continente,PT,Portugal,T,Total,1181703,101,TRÁS-OS-MONTES,ACeS Alto Tâmega e Barroso,11,Norte
11B1706,Montalegre,4,'1706,1706,'11B,Alto Tâmega,'11,Norte,'1,Continente,PT,Portugal,T,Total,1181706,101,TRÁS-OS-MONTES,ACeS Alto Tâmega e Barroso,11,Norte
11B1709,Ribeira de Pena,4,'1709,1709,'11B,Alto Tâmega,'11,Norte,'1,Continente,PT,Portugal,T,Total,1151709,101,TRÁS-OS-MONTES,ACeS Alto Tâmega e Barroso,11,Norte
11B1712,Valpaços,4,'1712,1712,'11B,Alto Tâmega,'11,Norte,'1,Continente,PT,Portugal,T,Total,1181712,101,TRÁS-OS-MONTES,ACeS Alto Tâmega e Barroso,11,Norte
11B1713,Vila Pouca de Aguiar,4,'1713,1713,'11B,Alto Tâmega,'11,Norte,'1,Continente,PT,Portugal,T,Total,1181713,101,TRÁS-OS-MONTES,ACeS Alto Tâmega e Barroso,11,Norte
11C1301,Amarante,4,'1301,1301,'11C,Tâmega e Sousa,'11,Norte,'1,Continente,PT,Portugal,T,Total,1151301,109,TÂMEGA I,ACeS Baixo Tâmega,11,Norte
11C1302,Baião,4,'1302,1302,'11C,Tâmega e Sousa,'11,Norte,'1,Continente,PT,Portugal,T,Total,1151302,109,TÂMEGA I,ACeS Baixo Tâmega,11,Norte
11C0106,Castelo de Paiva,4,'0106,106,'11C,Tâmega e Sousa,'11,Norte,'1,Continente,PT,Portugal,T,Total,1150106,110,TÂMEGA II,ACeS Vale do Sousa Sul,11,Norte
11C0305,Celorico de Basto,4,'0305,305,'11C,Tâmega e Sousa,'11,Norte,'1,Continente,PT,Portugal,T,Total,1150305,109,TÂMEGA I,ACeS Baixo Tâmega,11,Norte
11C1804,Cinfães,4,'1804,1804,'11C,Tâmega e Sousa,'11,Norte,'1,Continente,PT,Portugal,T,Total,1151804,109,TÂMEGA I,ACeS Baixo Tâmega,11,Norte
11C1303,Felgueiras,4,'1303,1303,'11C,Tâmega e Sousa,'11,Norte,'1,Continente,PT,Portugal,T,Total,1151303,111,TÂMEGA III,ACeS Vale do Sousa Norte,11,Norte
11C1305,Lousada,4,'1305,1305,'11C,Tâmega e Sousa,'11,Norte,'1,Continente,PT,Portugal,T,Total,1151305,111,TÂMEGA III,ACeS Vale do Sousa Norte,11,Norte
11C1307,Marco de Canaveses,4,'1307,1307,'11C,Tâmega e Sousa,'11,Norte,'1,Continente,PT,Portugal,T,Total,1151307,109,TÂMEGA I,ACeS Baixo Tâmega,11,Norte
11C1309,Paços de Ferreira,4,'1309,1309,'11C,Tâmega e Sousa,'11,Norte,'1,Continente,PT,Portugal,T,Total,1151309,111,TÂMEGA III,ACeS Vale do Sousa Norte,11,Norte
11C1311,Penafiel,4,'1311,1311,'11C,Tâmega e Sousa,'11,Norte,'1,Continente,PT,Portugal,T,Total,1151311,110,TÂMEGA II,ACeS Vale do Sousa Sul,11,Norte
11C1813,Resende,4,'1813,1813,'11C,Tâmega e Sousa,'11,Norte,'1,Continente,PT,Portugal,T,Total,1151813,109,TÂMEGA I,ACeS Baixo Tâmega,11,Norte
11D1701,Alijó,4,'1701,1701,'11D,Douro,'11,Norte,'1,Continente,PT,Portugal,T,Total,1171701,102,DOURO I,ACeS Marão e Douro Norte,11,Norte
11D1801,Armamar,4,'1801,1801,'11D,Douro,'11,Norte,'1,Continente,PT,Portugal,T,Total,1171801,103,DOURO II,ACeS Douro Sul,11,Norte
11D0403,Carrazeda de Ansiães,4,'0403,403,'11D,Douro,'11,Norte,'1,Continente,PT,Portugal,T,Total,1170403,124,NORDESTE,ULS Nordeste,11,Norte
11D0404,Freixo de Espada à Cinta,4,'0404,404,'11D,Douro,'11,Norte,'1,Continente,PT,Portugal,T,Total,1170404,124,NORDESTE,ULS Nordeste,11,Norte
11D1805,Lamego,4,'1805,1805,'11D,Douro,'11,Norte,'1,Continente,PT,Portugal,T,Total,1171805,103,DOURO II,ACeS Douro Sul,11,Norte
11D1704,Mesão Frio,4,'1704,1704,'11D,Douro,'11,Norte,'1,Continente,PT,Portugal,T,Total,1171704,102,DOURO I,ACeS Marão e Douro Norte,11,Norte
11D1807,Moimenta da Beira,4,'1807,1807,'11D,Douro,'11,Norte,'1,Continente,PT,Portugal,T,Total,1171807,103,DOURO II,ACeS Douro Sul,11,Norte
11D1707,Murça,4,'1707,1707,'11D,Douro,'11,Norte,'1,Continente,PT,Portugal,T,Total,1181707,102,DOURO I,ACeS Marão e Douro Norte,11,Norte
11D1812,Penedono,4,'1812,1812,'11D,Douro,'11,Norte,'1,Continente,PT,Portugal,T,Total,1171812,103,DOURO II,ACeS Douro Sul,11,Norte
11D1708,Peso da Régua,4,'1708,1708,'11D,Douro,'11,Norte,'1,Continente,PT,Portugal,T,Total,1171708,102,DOURO I,ACeS Marão e Douro Norte,11,Norte
11D1710,Sabrosa,4,'1710,1710,'11D,Douro,'11,Norte,'1,Continente,PT,Portugal,T,Total,1171710,102,DOURO I,ACeS Marão e Douro Norte,11,Norte
11D1711,Santa Marta de Penaguião,4,'1711,1711,'11D,Douro,'11,Norte,'1,Continente,PT,Portugal,T,Total,1171711,102,DOURO I,ACeS Marão e Douro Norte,11,Norte
11D1815,São João da Pesqueira,4,'1815,1815,'11D,Douro,'11,Norte,'1,Continente,PT,Portugal,T,Total,1171815,103,DOURO II,ACeS Douro Sul,11,Norte
11D1818,Sernancelhe,4,'1818,1818,'11D,Douro,'11,Norte,'1,Continente,PT,Portugal,T,Total,1171818,103,DOURO II,ACeS Douro Sul,11,Norte
11D1819,Tabuaço,4,'1819,1819,'11D,Douro,'11,Norte,'1,Continente,PT,Portugal,T,Total,1171819,103,DOURO II,ACeS Douro Sul,11,Norte
11D1820,Tarouca,4,'1820,1820,'11D,Douro,'11,Norte,'1,Continente,PT,Portugal,T,Total,1171820,103,DOURO II,ACeS Douro Sul,11,Norte
11D0409,Torre de Moncorvo,4,'0409,409,'11D,Douro,'11,Norte,'1,Continente,PT,Portugal,T,Total,1170409,124,NORDESTE,ULS Nordeste,11,Norte
11D0914,Vila Nova de Foz Côa,4,'0914,914,'11D,Douro,'11,Norte,'1,Continente,PT,Portugal,T,Total,1170914,209,GUARDA,ULS Guarda,12,Centro
11D1714,Vila Real,4,'1714,1714,'11D,Douro,'11,Norte,'1,Continente,PT,Portugal,T,Total,1171714,102,DOURO I,ACeS Marão e Douro Norte,11,Norte
11E0401,Alfândega da Fé,4,'0401,401,'11E,Terras de Trás-os-Montes,'11,Norte,'1,Continente,PT,Portugal,T,Total,1180401,124,NORDESTE,ULS Nordeste,11,Norte
11E0402,Bragança,4,'0402,402,'11E,Terras de Trás-os-Montes,'11,Norte,'1,Continente,PT,Portugal,T,Total,1180402,124,NORDESTE,ULS Nordeste,11,Norte
11E0405,Macedo de Cavaleiros,4,'0405,405,'11E,Terras de Trás-os-Montes,'11,Norte,'1,Continente,PT,Portugal,T,Total,1180405,124,NORDESTE,ULS Nordeste,11,Norte
11E0406,Miranda do Douro,4,'0406,406,'11E,Terras de Trás-os-Montes,'11,Norte,'1,Continente,PT,Portugal,T,Total,1180406,124,NORDESTE,ULS Nordeste,11,Norte
11E0407,Mirandela,4,'0407,407,'11E,Terras de Trás-os-Montes,'11,Norte,'1,Continente,PT,Portugal,T,Total,1180407,124,NORDESTE,ULS Nordeste,11,Norte
11E0408,Mogadouro,4,'0408,408,'11E,Terras de Trás-os-Montes,'11,Norte,'1,Continente,PT,Portugal,T,Total,1180408,124,NORDESTE,ULS Nordeste,11,Norte
11E0410,Vila Flor,4,'0410,410,'11E,Terras de Trás-os-Montes,'11,Norte,'1,Continente,PT,Portugal,T,Total,1170410,124,NORDESTE,ULS Nordeste,11,Norte
11E0411,Vimioso,4,'0411,411,'11E,Terras de Trás-os-Montes,'11,Norte,'1,Continente,PT,Portugal,T,Total,1180411,124,NORDESTE,ULS Nordeste,11,Norte
11E0412,Vinhais,4,'0412,412,'11E,Terras de Trás-os-Montes,'11,Norte,'1,Continente,PT,Portugal,T,Total,1180412,124,NORDESTE,ULS Nordeste,11,Norte
16B1001,Alcobaça,4,'1001,1001,'16B,Oeste,'16,Centro,'1,Continente,PT,Portugal,T,Total,16B1001,312,OESTE NORTE,ACeS Oeste Norte,13,Lisboa e Vale do Tejo
16B1101,Alenquer,4,'1101,1101,'16B,Oeste,'16,Centro,'1,Continente,PT,Portugal,T,Total,16B1101,308,ESTUÁRIO DO TEJO,ACeS Estuário do Tejo,13,Lisboa e Vale do Tejo
16B1102,Arruda dos Vinhos,4,'1102,1102,'16B,Oeste,'16,Centro,'1,Continente,PT,Portugal,T,Total,16B1102,308,ESTUÁRIO DO TEJO,ACeS Estuário do Tejo,13,Lisboa e Vale do Tejo
16B1005,Bombarral,4,'1005,1005,'16B,Oeste,'16,Centro,'1,Continente,PT,Portugal,T,Total,16B1005,312,OESTE NORTE,ACeS Oeste Norte,13,Lisboa e Vale do Tejo
16B1104,Cadaval,4,'1104,1104,'16B,Oeste,'16,Centro,'1,Continente,PT,Portugal,T,Total,16B1104,313,OESTE SUL,ACeS Oeste Sul,13,Lisboa e Vale do Tejo
16B1006,Caldas da Rainha,4,'1006,1006,'16B,Oeste,'16,Centro,'1,Continente,PT,Portugal,T,Total,16B1006,312,OESTE NORTE,ACeS Oeste Norte,13,Lisboa e Vale do Tejo
16B1108,Lourinhã,4,'1108,1108,'16B,Oeste,'16,Centro,'1,Continente,PT,Portugal,T,Total,16B1108,313,OESTE SUL,ACeS Oeste Sul,13,Lisboa e Vale do Tejo
16B1011,Nazaré,4,'1011,1011,'16B,Oeste,'16,Centro,'1,Continente,PT,Portugal,T,Total,16B1011,312,OESTE NORTE,ACeS Oeste Norte,13,Lisboa e Vale do Tejo
16B1012,Óbidos,4,'1012,1012,'16B,Oeste,'16,Centro,'1,Continente,PT,Portugal,T,Total,16B1012,312,OESTE NORTE,ACeS Oeste Norte,13,Lisboa e Vale do Tejo
16B1014,Peniche,4,'1014,1014,'16B,Oeste,'16,Centro,'1,Continente,PT,Portugal,T,Total,16B1014,312,OESTE NORTE,ACeS Oeste Norte,13,Lisboa e Vale do Tejo
16B1112,Sobral de Monte Agraço,4,'1112,1112,'16B,Oeste,'16,Centro,'1,Continente,PT,Portugal,T,Total,16B1112,313,OESTE SUL,ACeS Oeste Sul,13,Lisboa e Vale do Tejo
16B1113,Torres Vedras,4,'1113,1113,'16B,Oeste,'16,Centro,'1,Continente,PT,Portugal,T,Total,16B1113,313,OESTE SUL,ACeS Oeste Sul,13,Lisboa e Vale do Tejo
16D0101,Águeda,4,'0101,101,'16D,Região de Aveiro,'16,Centro,'1,Continente,PT,Portugal,T,Total,1610101,201,BAIXO VOUGA,ACeS Baixo Vouga,12,Centro
16D0102,Albergaria-a-Velha,4,'0102,102,'16D,Região de Aveiro,'16,Centro,'1,Continente,PT,Portugal,T,Total,1610102,201,BAIXO VOUGA,ACeS Baixo Vouga,12,Centro
16D0103,Anadia,4,'0103,103,'16D,Região de Aveiro,'16,Centro,'1,Continente,PT,Portugal,T,Total,1610103,201,BAIXO VOUGA,ACeS Baixo Vouga,12,Centro
16D0105,Aveiro,4,'0105,105,'16D,Região de Aveiro,'16,Centro,'1,Continente,PT,Portugal,T,Total,1610105,201,BAIXO VOUGA,ACeS Baixo Vouga,12,Centro
16D0108,Estarreja,4,'0108,108,'16D,Região de Aveiro,'16,Centro,'1,Continente,PT,Portugal,T,Total,1610108,201,BAIXO VOUGA,ACeS Baixo Vouga,12,Centro
16D0110,Ílhavo,4,'0110,110,'16D,Região de Aveiro,'16,Centro,'1,Continente,PT,Portugal,T,Total,1610110,201,BAIXO VOUGA,ACeS Baixo Vouga,12,Centro
16D0112,Murtosa,4,'0112,112,'16D,Região de Aveiro,'16,Centro,'1,Continente,PT,Portugal,T,Total,1610112,201,BAIXO VOUGA,ACeS Baixo Vouga,12,Centro
16D0114,Oliveira do Bairro,4,'0114,114,'16D,Região de Aveiro,'16,Centro,'1,Continente,PT,Portugal,T,Total,1610114,201,BAIXO VOUGA,ACeS Baixo Vouga,12,Centro
16D0115,Ovar,4,'0115,115,'16D,Região de Aveiro,'16,Centro,'1,Continente,PT,Portugal,T,Total,1610115,201,BAIXO VOUGA,ACeS Baixo Vouga,12,Centro
16D0117,Sever do Vouga,4,'0117,117,'16D,Região de Aveiro,'16,Centro,'1,Continente,PT,Portugal,T,Total,1610117,201,BAIXO VOUGA,ACeS Baixo Vouga,12,Centro
16D0118,Vagos,4,'0118,118,'16D,Região de Aveiro,'16,Centro,'1,Continente,PT,Portugal,T,Total,1610118,201,BAIXO VOUGA,ACeS Baixo Vouga,12,Centro
16E0601,Arganil,4,'0601,601,'16E,Região de Coimbra,'16,Centro,'1,Continente,PT,Portugal,T,Total,1640601,204,PINHAL INTERIOR NORTE,ACeS Pinhal Interior Norte,12,Centro
16E0602,Cantanhede,4,'0602,602,'16E,Região de Coimbra,'16,Centro,'1,Continente,PT,Portugal,T,Total,1620602,203,BAIXO MONDEGO,ACeS Baixo Mondego,12,Centro
16E0603,Coimbra,4,'0603,603,'16E,Região de Coimbra,'16,Centro,'1,Continente,PT,Portugal,T,Total,1620603,203,BAIXO MONDEGO,ACeS Baixo Mondego,12,Centro
16E0604,Condeixa-a-Nova,4,'0604,604,'16E,Região de Coimbra,'16,Centro,'1,Continente,PT,Portugal,T,Total,1620604,203,BAIXO MONDEGO,ACeS Baixo Mondego,12,Centro
16E0605,Figueira da Foz,4,'0605,605,'16E,Região de Coimbra,'16,Centro,'1,Continente,PT,Portugal,T,Total,1620605,203,BAIXO MONDEGO,ACeS Baixo Mondego,12,Centro
16E0606,Góis,4,'0606,606,'16E,Região de Coimbra,'16,Centro,'1,Continente,PT,Portugal,T,Total,1640606,204,PINHAL INTERIOR NORTE,ACeS Pinhal Interior Norte,12,Centro
16E0607,Lousã,4,'0607,607,'16E,Região de Coimbra,'16,Centro,'1,Continente,PT,Portugal,T,Total,1640607,204,PINHAL INTERIOR NORTE,ACeS Pinhal Interior Norte,12,Centro
16E0111,Mealhada,4,'0111,111,'16E,Região de Coimbra,'16,Centro,'1,Continente,PT,Portugal,T,Total,1610111,203,BAIXO MONDEGO,ACeS Baixo Mondego,12,Centro
16E0608,Mira,4,'0608,608,'16E,Região de Coimbra,'16,Centro,'1,Continente,PT,Portugal,T,Total,1620608,203,BAIXO MONDEGO,ACeS Baixo Mondego,12,Centro
16E0609,Miranda do Corvo,4,'0609,609,'16E,Região de Coimbra,'16,Centro,'1,Continente,PT,Portugal,T,Total,1640609,204,PINHAL INTERIOR NORTE,ACeS Pinhal Interior Norte,12,Centro
16E0610,Montemor-o-Velho,4,'0610,610,'16E,Região de Coimbra,'16,Centro,'1,Continente,PT,Portugal,T,Total,1620610,203,BAIXO MONDEGO,ACeS Baixo Mondego,12,Centro
16E1808,Mortágua,4,'1808,1808,'16E,Região de Coimbra,'16,Centro,'1,Continente,PT,Portugal,T,Total,1651808,203,BAIXO MONDEGO,ACeS Baixo Mondego,12,Centro
16E0611,Oliveira do Hospital,4,'0611,611,'16E,Região de Coimbra,'16,Centro,'1,Continente,PT,Portugal,T,Total,1640611,204,PINHAL INTERIOR NORTE,ACeS Pinhal Interior Norte,12,Centro
16E0612,Pampilhosa da Serra,4,'0612,612,'16E,Região de Coimbra,'16,Centro,'1,Continente,PT,Portugal,T,Total,1640612,204,PINHAL INTERIOR NORTE,ACeS Pinhal Interior Norte,12,Centro
16E0613,Penacova,4,'0613,613,'16E,Região de Coimbra,'16,Centro,'1,Continente,PT,Portugal,T,Total,1620613,203,BAIXO MONDEGO,ACeS Baixo Mondego,12,Centro
16E0614,Penela,4,'0614,614,'16E,Região de Coimbra,'16,Centro,'1,Continente,PT,Portugal,T,Total,1640614,204,PINHAL INTERIOR NORTE,ACeS Pinhal Interior Norte,12,Centro
16E0615,Soure,4,'0615,615,'16E,Região de Coimbra,'16,Centro,'1,Continente,PT,Portugal,T,Total,1620615,203,BAIXO MONDEGO,ACeS Baixo Mondego,12,Centro
16E0616,Tábua,4,'0616,616,'16E,Região de Coimbra,'16,Centro,'1,Continente,PT,Portugal,T,Total,1640616,204,PINHAL INTERIOR NORTE,ACeS Pinhal Interior Norte,12,Centro
16E0617,Vila Nova de Poiares,4,'0617,617,'16E,Região de Coimbra,'16,Centro,'1,Continente,PT,Portugal,T,Total,1640617,204,PINHAL INTERIOR NORTE,ACeS Pinhal Interior Norte,12,Centro
16F1002,Alvaiázere,4,'1002,1002,'16F,Região de Leiria,'16,Centro,'1,Continente,PT,Portugal,T,Total,1641002,204,PINHAL INTERIOR NORTE,ACeS Pinhal Interior Norte,12,Centro
16F1003,Ansião,4,'1003,1003,'16F,Região de Leiria,'16,Centro,'1,Continente,PT,Portugal,T,Total,1641003,204,PINHAL INTERIOR NORTE,ACeS Pinhal Interior Norte,12,Centro
16F1004,Batalha,4,'1004,1004,'16F,Região de Leiria,'16,Centro,'1,Continente,PT,Portugal,T,Total,1631004,205,PINHAL LITORAL,ACeS Pinhal Litoral,12,Centro
16F1007,Castanheira de Pêra,4,'1007,1007,'16F,Região de Leiria,'16,Centro,'1,Continente,PT,Portugal,T,Total,1641007,204,PINHAL INTERIOR NORTE,ACeS Pinhal Interior Norte,12,Centro
16F1008,Figueiró dos Vinhos,4,'1008,1008,'16F,Região de Leiria,'16,Centro,'1,Continente,PT,Portugal,T,Total,1641008,204,PINHAL INTERIOR NORTE,ACeS Pinhal Interior Norte,12,Centro
16F1009,Leiria,4,'1009,1009,'16F,Região de Leiria,'16,Centro,'1,Continente,PT,Portugal,T,Total,1631009,205,PINHAL LITORAL,ACeS Pinhal Litoral,12,Centro
16F1010,Marinha Grande,4,'1010,1010,'16F,Região de Leiria,'16,Centro,'1,Continente,PT,Portugal,T,Total,1631010,205,PINHAL LITORAL,ACeS Pinhal Litoral,12,Centro
16F1013,Pedrógão Grande,4,'1013,1013,'16F,Região de Leiria,'16,Centro,'1,Continente,PT,Portugal,T,Total,1641013,204,PINHAL INTERIOR NORTE,ACeS Pinhal Interior Norte,12,Centro
16F1015,Pombal,4,'1015,1015,'16F,Região de Leiria,'16,Centro,'1,Continente,PT,Portugal,T,Total,1631015,205,PINHAL LITORAL,ACeS Pinhal Litoral,12,Centro
16F1016,Porto de Mós,4,'1016,1016,'16F,Região de Leiria,'16,Centro,'1,Continente,PT,Portugal,T,Total,1631016,205,PINHAL LITORAL,ACeS Pinhal Litoral,12,Centro
16G0901,Aguiar da Beira,4,'0901,901,'16G,Viseu Dão Lafões,'16,Centro,'1,Continente,PT,Portugal,T,Total,1650901,206,DÃO LAFÕES,ACeS Dão Lafões,12,Centro
16G1802,Carregal do Sal,4,'1802,1802,'16G,Viseu Dão Lafões,'16,Centro,'1,Continente,PT,Portugal,T,Total,1651802,206,DÃO LAFÕES,ACeS Dão Lafões,12,Centro
16G1803,Castro Daire,4,'1803,1803,'16G,Viseu Dão Lafões,'16,Centro,'1,Continente,PT,Portugal,T,Total,1651803,206,DÃO LAFÕES,ACeS Dão Lafões,12,Centro
16G1806,Mangualde,4,'1806,1806,'16G,Viseu Dão Lafões,'16,Centro,'1,Continente,PT,Portugal,T,Total,1651806,206,DÃO LAFÕES,ACeS Dão Lafões,12,Centro
16G1809,Nelas,4,'1809,1809,'16G,Viseu Dão Lafões,'16,Centro,'1,Continente,PT,Portugal,T,Total,1651809,206,DÃO LAFÕES,ACeS Dão Lafões,12,Centro
16G1810,Oliveira de Frades,4,'1810,1810,'16G,Viseu Dão Lafões,'16,Centro,'1,Continente,PT,Portugal,T,Total,1651810,206,DÃO LAFÕES,ACeS Dão Lafões,12,Centro
16G1811,Penalva do Castelo,4,'1811,1811,'16G,Viseu Dão Lafões,'16,Centro,'1,Continente,PT,Portugal,T,Total,1651811,206,DÃO LAFÕES,ACeS Dão Lafões,12,Centro
16G1814,Santa Comba Dão,4,'1814,1814,'16G,Viseu Dão Lafões,'16,Centro,'1,Continente,PT,Portugal,T,Total,1651814,206,DÃO LAFÕES,ACeS Dão Lafões,12,Centro
16G1816,São Pedro do Sul,4,'1816,1816,'16G,Viseu Dão Lafões,'16,Centro,'1,Continente,PT,Portugal,T,Total,1651816,206,DÃO LAFÕES,ACeS Dão Lafões,12,Centro
16G1817,Sátão,4,'1817,1817,'16G,Viseu Dão Lafões,'16,Centro,'1,Continente,PT,Portugal,T,Total,1651817,206,DÃO LAFÕES,ACeS Dão Lafões,12,Centro
16G1821,Tondela,4,'1821,1821,'16G,Viseu Dão Lafões,'16,Centro,'1,Continente,PT,Portugal,T,Total,1651821,206,DÃO LAFÕES,ACeS Dão Lafões,12,Centro
16G1822,Vila Nova de Paiva,4,'1822,1822,'16G,Viseu Dão Lafões,'16,Centro,'1,Continente,PT,Portugal,T,Total,1651822,206,DÃO LAFÕES,ACeS Dão Lafões,12,Centro
16G1823,Viseu,4,'1823,1823,'16G,Viseu Dão Lafões,'16,Centro,'1,Continente,PT,Portugal,T,Total,1651823,206,DÃO LAFÕES,ACeS Dão Lafões,12,Centro
16G1824,Vouzela,4,'1824,1824,'16G,Viseu Dão Lafões,'16,Centro,'1,Continente,PT,Portugal,T,Total,1651824,206,DÃO LAFÕES,ACeS Dão Lafões,12,Centro
16H0502,Castelo Branco,4,'0502,502,'16H,Beira Baixa,'16,Centro,'1,Continente,PT,Portugal,T,Total,1690502,207,BEIRA INTERIOR SUL,ACeS Beira Interior Sul (ULS Castelo Branco),12,Centro
16H0505,Idanha-a-Nova,4,'0505,505,'16H,Beira Baixa,'16,Centro,'1,Continente,PT,Portugal,T,Total,1690505,207,BEIRA INTERIOR SUL,ACeS Beira Interior Sul (ULS Castelo Branco),12,Centro
16H0506,Oleiros,4,'0506,506,'16H,Beira Baixa,'16,Centro,'1,Continente,PT,Portugal,T,Total,1660506,208,PINHAL INTERIOR SUL,ACeS Pinhal Interior Sul (ULS Castelo Branco),12,Centro
16H0507,Penamacor,4,'0507,507,'16H,Beira Baixa,'16,Centro,'1,Continente,PT,Portugal,T,Total,1690507,207,BEIRA INTERIOR SUL,ACeS Beira Interior Sul (ULS Castelo Branco),12,Centro
16H0508,Proença-a-Nova,4,'0508,508,'16H,Beira Baixa,'16,Centro,'1,Continente,PT,Portugal,T,Total,1660508,208,PINHAL INTERIOR SUL,ACeS Pinhal Interior Sul (ULS Castelo Branco),12,Centro
16H0511,Vila Velha de Ródão,4,'0511,511,'16H,Beira Baixa,'16,Centro,'1,Continente,PT,Portugal,T,Total,1690511,207,BEIRA INTERIOR SUL,ACeS Beira Interior Sul (ULS Castelo Branco),12,Centro
16I1401,Abrantes,4,'1401,1401,'16I,Médio Tejo,'16,Centro,'1,Continente,PT,Portugal,T,Total,16C1401,314,MÉDIO TEJO,ACeS Médio Tejo,13,Lisboa e Vale do Tejo
16I1402,Alcanena,4,'1402,1402,'16I,Médio Tejo,'16,Centro,'1,Continente,PT,Portugal,T,Total,16C1402,314,MÉDIO TEJO,ACeS Médio Tejo,13,Lisboa e Vale do Tejo
16I1408,Constância,4,'1408,1408,'16I,Médio Tejo,'16,Centro,'1,Continente,PT,Portugal,T,Total,16C1408,314,MÉDIO TEJO,ACeS Médio Tejo,13,Lisboa e Vale do Tejo
16I1410,Entroncamento,4,'1410,1410,'16I,Médio Tejo,'16,Centro,'1,Continente,PT,Portugal,T,Total,16C1410,314,MÉDIO TEJO,ACeS Médio Tejo,13,Lisboa e Vale do Tejo
16I1411,Ferreira do Zêzere,4,'1411,1411,'16I,Médio Tejo,'16,Centro,'1,Continente,PT,Portugal,T,Total,16C1411,314,MÉDIO TEJO,ACeS Médio Tejo,13,Lisboa e Vale do Tejo
16I1413,Mação,4,'1413,1413,'16I,Médio Tejo,'16,Centro,'1,Continente,PT,Portugal,T,Total,1661413,314,MÉDIO TEJO,ACeS Médio Tejo,13,Lisboa e Vale do Tejo
16I1421,Ourém,4,'1421,1421,'16I,Médio Tejo,'16,Centro,'1,Continente,PT,Portugal,T,Total,16C1421,314,MÉDIO TEJO,ACeS Médio Tejo,13,Lisboa e Vale do Tejo
16I1417,Sardoal,4,'1417,1417,'16I,Médio Tejo,'16,Centro,'1,Continente,PT,Portugal,T,Total,16C1417,314,MÉDIO TEJO,ACeS Médio Tejo,13,Lisboa e Vale do Tejo
16I0509,Sertã,4,'0509,509,'16I,Médio Tejo,'16,Centro,'1,Continente,PT,Portugal,T,Total,1660509,208,PINHAL INTERIOR SUL,ACeS Pinhal Interior Sul (ULS Castelo Branco),12,Centro
16I1418,Tomar,4,'1418,1418,'16I,Médio Tejo,'16,Centro,'1,Continente,PT,Portugal,T,Total,16C1418,314,MÉDIO TEJO,ACeS Médio Tejo,13,Lisboa e Vale do Tejo
16I1419,Torres Novas,4,'1419,1419,'16I,Médio Tejo,'16,Centro,'1,Continente,PT,Portugal,T,Total,16C1419,314,MÉDIO TEJO,ACeS Médio Tejo,13,Lisboa e Vale do Tejo
16I0510,Vila de Rei,4,'0510,510,'16I,Médio Tejo,'16,Centro,'1,Continente,PT,Portugal,T,Total,1660510,208,PINHAL INTERIOR SUL,ACeS Pinhal Interior Sul (ULS Castelo Branco),12,Centro
16I1420,Vila Nova da Barquinha,4,'1420,1420,'16I,Médio Tejo,'16,Centro,'1,Continente,PT,Portugal,T,Total,16C1420,314,MÉDIO TEJO,ACeS Médio Tejo,13,Lisboa e Vale do Tejo
16J0902,Almeida,4,'0902,902,'16J,Beiras e Serra da Estrela,'16,Centro,'1,Continente,PT,Portugal,T,Total,1680902,209,GUARDA,ULS Guarda,12,Centro
16J0501,Belmonte,4,'0501,501,'16J,Beiras e Serra da Estrela,'16,Centro,'1,Continente,PT,Portugal,T,Total,16A0501,202,COVA DA BEIRA,ACeS Cova Da Beira,12,Centro
16J0903,Celorico da Beira,4,'0903,903,'16J,Beiras e Serra da Estrela,'16,Centro,'1,Continente,PT,Portugal,T,Total,1680903,209,GUARDA,ULS Guarda,12,Centro
16J0503,Covilhã,4,'0503,503,'16J,Beiras e Serra da Estrela,'16,Centro,'1,Continente,PT,Portugal,T,Total,16A0503,202,COVA DA BEIRA,ACeS Cova Da Beira,12,Centro
16J0904,Figueira de Castelo Rodrigo,4,'0904,904,'16J,Beiras e Serra da Estrela,'16,Centro,'1,Continente,PT,Portugal,T,Total,1680904,209,GUARDA,ULS Guarda,12,Centro
16J0905,Fornos de Algodres,4,'0905,905,'16J,Beiras e Serra da Estrela,'16,Centro,'1,Continente,PT,Portugal,T,Total,1670905,209,GUARDA,ULS Guarda,12,Centro
16J0504,Fundão,4,'0504,504,'16J,Beiras e Serra da Estrela,'16,Centro,'1,Continente,PT,Portugal,T,Total,16A0504,202,COVA DA BEIRA,ACeS Cova Da Beira,12,Centro
16J0906,Gouveia,4,'0906,906,'16J,Beiras e Serra da Estrela,'16,Centro,'1,Continente,PT,Portugal,T,Total,1670906,209,GUARDA,ULS Guarda,12,Centro
16J0907,Guarda,4,'0907,907,'16J,Beiras e Serra da Estrela,'16,Centro,'1,Continente,PT,Portugal,T,Total,1680907,209,GUARDA,ULS Guarda,12,Centro
16J0908,Manteigas,4,'0908,908,'16J,Beiras e Serra da Estrela,'16,Centro,'1,Continente,PT,Portugal,T,Total,1680908,209,GUARDA,ULS Guarda,12,Centro
16J0909,Mêda,4,'0909,909,'16J,Beiras e Serra da Estrela,'16,Centro,'1,Continente,PT,Portugal,T,Total,1680909,209,GUARDA,ULS Guarda,12,Centro
16J0910,Pinhel,4,'0910,910,'16J,Beiras e Serra da Estrela,'16,Centro,'1,Continente,PT,Portugal,T,Total,1680910,209,GUARDA,ULS Guarda,12,Centro
16J0911,Sabugal,4,'0911,911,'16J,Beiras e Serra da Estrela,'16,Centro,'1,Continente,PT,Portugal,T,Total,1680911,209,GUARDA,ULS Guarda,12,Centro
16J0912,Seia,4,'0912,912,'16J,Beiras e Serra da Estrela,'16,Centro,'1,Continente,PT,Portugal,T,Total,1670912,209,GUARDA,ULS Guarda,12,Centro
16J0913,Trancoso,4,'0913,913,'16J,Beiras e Serra da Estrela,'16,Centro,'1,Continente,PT,Portugal,T,Total,1680913,209,GUARDA,ULS Guarda,12,Centro
1701502,Alcochete,4,'1502,1502,170,Área Metropolitana de Lisboa,'17,Área Metropolitana de Lisboa,'1,Continente,PT,Portugal,T,Total,1721502,310,ARCO RIBEIRINHO,ACeS Arco Ribeirinho,13,Lisboa e Vale do Tejo
1701503,Almada,4,'1503,1503,170,Área Metropolitana de Lisboa,'17,Área Metropolitana de Lisboa,'1,Continente,PT,Portugal,T,Total,1721503,309,ALMADA-SEIXAL,ACeS Almada/Seixal,13,Lisboa e Vale do Tejo
1701115,Amadora,4,'1115,1115,170,Área Metropolitana de Lisboa,'17,Área Metropolitana de Lisboa,'1,Continente,PT,Portugal,T,Total,1711115,305,AMADORA,ACeS Amadora,13,Lisboa e Vale do Tejo
1701504,Barreiro,4,'1504,1504,170,Área Metropolitana de Lisboa,'17,Área Metropolitana de Lisboa,'1,Continente,PT,Portugal,T,Total,1721504,310,ARCO RIBEIRINHO,ACeS Arco Ribeirinho,13,Lisboa e Vale do Tejo
1701105,Cascais,4,'1105,1105,170,Área Metropolitana de Lisboa,'17,Área Metropolitana de Lisboa,'1,Continente,PT,Portugal,T,Total,1711105,304,CASCAIS,ACeS Cascais,13,Lisboa e Vale do Tejo
1701106,Lisboa,4,'1106,1106,170,Área Metropolitana de Lisboa,'17,Área Metropolitana de Lisboa,'1,Continente,PT,Portugal,T,Total,1711106,301,LISBOA NORTE + LISBOA CENTRAL,ACeS Lisboa Norte + Lisboa Central,13,Lisboa e Vale do Tejo
1701107,Loures,4,'1107,1107,170,Área Metropolitana de Lisboa,'17,Área Metropolitana de Lisboa,'1,Continente,PT,Portugal,T,Total,1711107,307,LOURES-ODIVELAS,ACeS Loures/Odivelas,13,Lisboa e Vale do Tejo
1701109,Mafra,4,'1109,1109,170,Área Metropolitana de Lisboa,'17,Área Metropolitana de Lisboa,'1,Continente,PT,Portugal,T,Total,1711109,313,OESTE SUL,ACeS Oeste Sul,13,Lisboa e Vale do Tejo
1701506,Moita,4,'1506,1506,170,Área Metropolitana de Lisboa,'17,Área Metropolitana de Lisboa,'1,Continente,PT,Portugal,T,Total,1721506,310,ARCO RIBEIRINHO,ACeS Arco Ribeirinho,13,Lisboa e Vale do Tejo
1701507,Montijo,4,'1507,1507,170,Área Metropolitana de Lisboa,'17,Área Metropolitana de Lisboa,'1,Continente,PT,Portugal,T,Total,1721507,310,ARCO RIBEIRINHO,ACeS Arco Ribeirinho,13,Lisboa e Vale do Tejo
1701116,Odivelas,4,'1116,1116,170,Área Metropolitana de Lisboa,'17,Área Metropolitana de Lisboa,'1,Continente,PT,Portugal,T,Total,1711116,307,LOURES-ODIVELAS,ACeS Loures/Odivelas,13,Lisboa e Vale do Tejo
1701110,Oeiras,4,'1110,1110,170,Área Metropolitana de Lisboa,'17,Área Metropolitana de Lisboa,'1,Continente,PT,Portugal,T,Total,1711110,303,LISBOA OCIDENTAL-OEIRAS,Lisboa Ocidental/Oeiras,13,Lisboa e Vale do Tejo
1701508,Palmela,4,'1508,1508,170,Área Metropolitana de Lisboa,'17,Área Metropolitana de Lisboa,'1,Continente,PT,Portugal,T,Total,1721508,311,ARRÁBIDA,ACeS Arrábida,13,Lisboa e Vale do Tejo
1701510,Seixal,4,'1510,1510,170,Área Metropolitana de Lisboa,'17,Área Metropolitana de Lisboa,'1,Continente,PT,Portugal,T,Total,1721510,309,ALMADA-SEIXAL,ACeS Almada/Seixal,13,Lisboa e Vale do Tejo
1701511,Sesimbra,4,'1511,1511,170,Área Metropolitana de Lisboa,'17,Área Metropolitana de Lisboa,'1,Continente,PT,Portugal,T,Total,1721511,311,ARRÁBIDA,ACeS Arrábida,13,Lisboa e Vale do Tejo
1701512,Setúbal,4,'1512,1512,170,Área Metropolitana de Lisboa,'17,Área Metropolitana de Lisboa,'1,Continente,PT,Portugal,T,Total,1721512,311,ARRÁBIDA,ACeS Arrábida,13,Lisboa e Vale do Tejo
1701111,Sintra,4,'1111,1111,170,Área Metropolitana de Lisboa,'17,Área Metropolitana de Lisboa,'1,Continente,PT,Portugal,T,Total,1711111,306,SINTRA,ACeS Sintra,13,Lisboa e Vale do Tejo
1701114,Vila Franca de Xira,4,'1114,1114,170,Área Metropolitana de Lisboa,'17,Área Metropolitana de Lisboa,'1,Continente,PT,Portugal,T,Total,1711114,308,ESTUÁRIO DO TEJO,ACeS Estuário do Tejo,13,Lisboa e Vale do Tejo
1811501,Alcácer do Sal,4,'1501,1501,181,Alentejo Litoral,'18,Alentejo,'1,Continente,PT,Portugal,T,Total,1811501,404,LITORAL ALENTEJANO,ULS Litoral Alentejano,14,Alentejo
1811505,Grândola,4,'1505,1505,181,Alentejo Litoral,'18,Alentejo,'1,Continente,PT,Portugal,T,Total,1811505,404,LITORAL ALENTEJANO,ULS Litoral Alentejano,14,Alentejo
1810211,Odemira,4,'0211,211,181,Alentejo Litoral,'18,Alentejo,'1,Continente,PT,Portugal,T,Total,1810211,404,LITORAL ALENTEJANO,ULS Litoral Alentejano,14,Alentejo
1811509,Santiago do Cacém,4,'1509,1509,181,Alentejo Litoral,'18,Alentejo,'1,Continente,PT,Portugal,T,Total,1811509,404,LITORAL ALENTEJANO,ULS Litoral Alentejano,14,Alentejo
1811513,Sines,4,'1513,1513,181,Alentejo Litoral,'18,Alentejo,'1,Continente,PT,Portugal,T,Total,1811513,404,LITORAL ALENTEJANO,ULS Litoral Alentejano,14,Alentejo
1840201,Aljustrel,4,'0201,201,184,Baixo Alentejo,'18,Alentejo,'1,Continente,PT,Portugal,T,Total,1840201,403,BAIXO ALENTEJO,ULS Baixo Alentejo,14,Alentejo
1840202,Almodôvar,4,'0202,202,184,Baixo Alentejo,'18,Alentejo,'1,Continente,PT,Portugal,T,Total,1840202,403,BAIXO ALENTEJO,ULS Baixo Alentejo,14,Alentejo
1840203,Alvito,4,'0203,203,184,Baixo Alentejo,'18,Alentejo,'1,Continente,PT,Portugal,T,Total,1840203,403,BAIXO ALENTEJO,ULS Baixo Alentejo,14,Alentejo
1840204,Barrancos,4,'0204,204,184,Baixo Alentejo,'18,Alentejo,'1,Continente,PT,Portugal,T,Total,1840204,403,BAIXO ALENTEJO,ULS Baixo Alentejo,14,Alentejo
1840205,Beja,4,'0205,205,184,Baixo Alentejo,'18,Alentejo,'1,Continente,PT,Portugal,T,Total,1840205,403,BAIXO ALENTEJO,ULS Baixo Alentejo,14,Alentejo
1840206,Castro Verde,4,'0206,206,184,Baixo Alentejo,'18,Alentejo,'1,Continente,PT,Portugal,T,Total,1840206,403,BAIXO ALENTEJO,ULS Baixo Alentejo,14,Alentejo
1840207,Cuba,4,'0207,207,184,Baixo Alentejo,'18,Alentejo,'1,Continente,PT,Portugal,T,Total,1840207,403,BAIXO ALENTEJO,ULS Baixo Alentejo,14,Alentejo
1840208,Ferreira do Alentejo,4,'0208,208,184,Baixo Alentejo,'18,Alentejo,'1,Continente,PT,Portugal,T,Total,1840208,403,BAIXO ALENTEJO,ULS Baixo Alentejo,14,Alentejo
1840209,Mértola,4,'0209,209,184,Baixo Alentejo,'18,Alentejo,'1,Continente,PT,Portugal,T,Total,1840209,403,BAIXO ALENTEJO,ULS Baixo Alentejo,14,Alentejo
1840210,Moura,4,'0210,210,184,Baixo Alentejo,'18,Alentejo,'1,Continente,PT,Portugal,T,Total,1840210,403,BAIXO ALENTEJO,ULS Baixo Alentejo,14,Alentejo
1840212,Ourique,4,'0212,212,184,Baixo Alentejo,'18,Alentejo,'1,Continente,PT,Portugal,T,Total,1840212,403,BAIXO ALENTEJO,ULS Baixo Alentejo,14,Alentejo
1840213,Serpa,4,'0213,213,184,Baixo Alentejo,'18,Alentejo,'1,Continente,PT,Portugal,T,Total,1840213,403,BAIXO ALENTEJO,ULS Baixo Alentejo,14,Alentejo
1840214,Vidigueira,4,'0214,214,184,Baixo Alentejo,'18,Alentejo,'1,Continente,PT,Portugal,T,Total,1840214,403,BAIXO ALENTEJO,ULS Baixo Alentejo,14,Alentejo
1851403,Almeirim,4,'1403,1403,185,Lezíria do Tejo,'18,Alentejo,'1,Continente,PT,Portugal,T,Total,1851403,315,LEZÍRIA,ACeS Lezíria,13,Lisboa e Vale do Tejo
1851404,Alpiarça,4,'1404,1404,185,Lezíria do Tejo,'18,Alentejo,'1,Continente,PT,Portugal,T,Total,1851404,315,LEZÍRIA,ACeS Lezíria,13,Lisboa e Vale do Tejo
1851103,Azambuja,4,'1103,1103,185,Lezíria do Tejo,'18,Alentejo,'1,Continente,PT,Portugal,T,Total,1851103,308,ESTUÁRIO DO TEJO,ACeS Estuário do Tejo,13,Lisboa e Vale do Tejo
1851405,Benavente,4,'1405,1405,185,Lezíria do Tejo,'18,Alentejo,'1,Continente,PT,Portugal,T,Total,1851405,308,ESTUÁRIO DO TEJO,ACeS Estuário do Tejo,13,Lisboa e Vale do Tejo
1851406,Cartaxo,4,'1406,1406,185,Lezíria do Tejo,'18,Alentejo,'1,Continente,PT,Portugal,T,Total,1851406,315,LEZÍRIA,ACeS Lezíria,13,Lisboa e Vale do Tejo
1851407,Chamusca,4,'1407,1407,185,Lezíria do Tejo,'18,Alentejo,'1,Continente,PT,Portugal,T,Total,1851407,315,LEZÍRIA,ACeS Lezíria,13,Lisboa e Vale do Tejo
1851409,Coruche,4,'1409,1409,185,Lezíria do Tejo,'18,Alentejo,'1,Continente,PT,Portugal,T,Total,1851409,315,LEZÍRIA,ACeS Lezíria,13,Lisboa e Vale do Tejo
1851412,Golegã,4,'1412,1412,185,Lezíria do Tejo,'18,Alentejo,'1,Continente,PT,Portugal,T,Total,1851412,315,LEZÍRIA,ACeS Lezíria,13,Lisboa e Vale do Tejo
1851414,Rio Maior,4,'1414,1414,185,Lezíria do Tejo,'18,Alentejo,'1,Continente,PT,Portugal,T,Total,1851414,315,LEZÍRIA,ACeS Lezíria,13,Lisboa e Vale do Tejo
1851415,Salvaterra de Magos,4,'1415,1415,185,Lezíria do Tejo,'18,Alentejo,'1,Continente,PT,Portugal,T,Total,1851415,315,LEZÍRIA,ACeS Lezíria,13,Lisboa e Vale do Tejo
1851416,Santarém,4,'1416,1416,185,Lezíria do Tejo,'18,Alentejo,'1,Continente,PT,Portugal,T,Total,1851416,315,LEZÍRIA,ACeS Lezíria,13,Lisboa e Vale do Tejo
1861201,Alter do Chão,4,'1201,1201,186,Alto Alentejo,'18,Alentejo,'1,Continente,PT,Portugal,T,Total,1821201,402,NORTE ALENTEJANO,ULS Norte Alentejano,14,Alentejo
1861202,Arronches,4,'1202,1202,186,Alto Alentejo,'18,Alentejo,'1,Continente,PT,Portugal,T,Total,1821202,402,NORTE ALENTEJANO,ULS Norte Alentejano,14,Alentejo
1861203,Avis,4,'1203,1203,186,Alto Alentejo,'18,Alentejo,'1,Continente,PT,Portugal,T,Total,1821203,402,NORTE ALENTEJANO,ULS Norte Alentejano,14,Alentejo
1861204,Campo Maior,4,'1204,1204,186,Alto Alentejo,'18,Alentejo,'1,Continente,PT,Portugal,T,Total,1821204,402,NORTE ALENTEJANO,ULS Norte Alentejano,14,Alentejo
1861205,Castelo de Vide,4,'1205,1205,186,Alto Alentejo,'18,Alentejo,'1,Continente,PT,Portugal,T,Total,1821205,402,NORTE ALENTEJANO,ULS Norte Alentejano,14,Alentejo
1861206,Crato,4,'1206,1206,186,Alto Alentejo,'18,Alentejo,'1,Continente,PT,Portugal,T,Total,1821206,402,NORTE ALENTEJANO,ULS Norte Alentejano,14,Alentejo
1861207,Elvas,4,'1207,1207,186,Alto Alentejo,'18,Alentejo,'1,Continente,PT,Portugal,T,Total,1821207,402,NORTE ALENTEJANO,ULS Norte Alentejano,14,Alentejo
1861208,Fronteira,4,'1208,1208,186,Alto Alentejo,'18,Alentejo,'1,Continente,PT,Portugal,T,Total,1821208,402,NORTE ALENTEJANO,ULS Norte Alentejano,14,Alentejo
1861209,Gavião,4,'1209,1209,186,Alto Alentejo,'18,Alentejo,'1,Continente,PT,Portugal,T,Total,1821209,402,NORTE ALENTEJANO,ULS Norte Alentejano,14,Alentejo
1861210,Marvão,4,'1210,1210,186,Alto Alentejo,'18,Alentejo,'1,Continente,PT,Portugal,T,Total,1821210,402,NORTE ALENTEJANO,ULS Norte Alentejano,14,Alentejo
1861211,Monforte,4,'1211,1211,186,Alto Alentejo,'18,Alentejo,'1,Continente,PT,Portugal,T,Total,1821211,402,NORTE ALENTEJANO,ULS Norte Alentejano,14,Alentejo
1861212,Nisa,4,'1212,1212,186,Alto Alentejo,'18,Alentejo,'1,Continente,PT,Portugal,T,Total,1821212,402,NORTE ALENTEJANO,ULS Norte Alentejano,14,Alentejo
1861213,Ponte de Sor,4,'1213,1213,186,Alto Alentejo,'18,Alentejo,'1,Continente,PT,Portugal,T,Total,1821213,402,NORTE ALENTEJANO,ULS Norte Alentejano,14,Alentejo
1861214,Portalegre,4,'1214,1214,186,Alto Alentejo,'18,Alentejo,'1,Continente,PT,Portugal,T,Total,1821214,402,NORTE ALENTEJANO,ULS Norte Alentejano,14,Alentejo
1861215,Sousel,4,'1215,1215,186,Alto Alentejo,'18,Alentejo,'1,Continente,PT,Portugal,T,Total,1831215,402,NORTE ALENTEJANO,ULS Norte Alentejano,14,Alentejo
1870701,Alandroal,4,'0701,701,187,Alentejo Central,'18,Alentejo,'1,Continente,PT,Portugal,T,Total,1830701,401,ALENTEJO CENTRAL,ACeS Alentejo Central,14,Alentejo
1870702,Arraiolos,4,'0702,702,187,Alentejo Central,'18,Alentejo,'1,Continente,PT,Portugal,T,Total,1830702,401,ALENTEJO CENTRAL,ACeS Alentejo Central,14,Alentejo
1870703,Borba,4,'0703,703,187,Alentejo Central,'18,Alentejo,'1,Continente,PT,Portugal,T,Total,1830703,401,ALENTEJO CENTRAL,ACeS Alentejo Central,14,Alentejo
1870704,Estremoz,4,'0704,704,187,Alentejo Central,'18,Alentejo,'1,Continente,PT,Portugal,T,Total,1830704,401,ALENTEJO CENTRAL,ACeS Alentejo Central,14,Alentejo
1870705,Évora,4,'0705,705,187,Alentejo Central,'18,Alentejo,'1,Continente,PT,Portugal,T,Total,1830705,401,ALENTEJO CENTRAL,ACeS Alentejo Central,14,Alentejo
1870706,Montemor-o-Novo,4,'0706,706,187,Alentejo Central,'18,Alentejo,'1,Continente,PT,Portugal,T,Total,1830706,401,ALENTEJO CENTRAL,ACeS Alentejo Central,14,Alentejo
1870707,Mora,4,'0707,707,187,Alentejo Central,'18,Alentejo,'1,Continente,PT,Portugal,T,Total,1820707,401,ALENTEJO CENTRAL,ACeS Alentejo Central,14,Alentejo
1870708,Mourão,4,'0708,708,187,Alentejo Central,'18,Alentejo,'1,Continente,PT,Portugal,T,Total,1830708,401,ALENTEJO CENTRAL,ACeS Alentejo Central,14,Alentejo
1870709,Portel,4,'0709,709,187,Alentejo Central,'18,Alentejo,'1,Continente,PT,Portugal,T,Total,1830709,401,ALENTEJO CENTRAL,ACeS Alentejo Central,14,Alentejo
1870710,Redondo,4,'0710,710,187,Alentejo Central,'18,Alentejo,'1,Continente,PT,Portugal,T,Total,1830710,401,ALENTEJO CENTRAL,ACeS Alentejo Central,14,Alentejo
1870711,Reguengos de Monsaraz,4,'0711,711,187,Alentejo Central,'18,Alentejo,'1,Continente,PT,Portugal,T,Total,1830711,401,ALENTEJO CENTRAL,ACeS Alentejo Central,14,Alentejo
1870712,Vendas Novas,4,'0712,712,187,Alentejo Central,'18,Alentejo,'1,Continente,PT,Portugal,T,Total,1830712,401,ALENTEJO CENTRAL,ACeS Alentejo Central,14,Alentejo
1870713,Viana do Alentejo,4,'0713,713,187,Alentejo Central,'18,Alentejo,'1,Continente,PT,Portugal,T,Total,1830713,401,ALENTEJO CENTRAL,ACeS Alentejo Central,14,Alentejo
1870714,Vila Viçosa,4,'0714,714,187,Alentejo Central,'18,Alentejo,'1,Continente,PT,Portugal,T,Total,1830714,401,ALENTEJO CENTRAL,ACeS Alentejo Central,14,Alentejo
1500801,Albufeira,4,'0801,801,150,Algarve,'15,Algarve,'1,Continente,PT,Portugal,T,Total,1500801,501,ALGARVE I,ACeS Central,15,Algarve
1500802,Alcoutim,4,'0802,802,150,Algarve,'15,Algarve,'1,Continente,PT,Portugal,T,Total,1500802,503,ALGARVE III,ACeS Sotavento,15,Algarve
1500803,Aljezur,4,'0803,803,150,Algarve,'15,Algarve,'1,Continente,PT,Portugal,T,Total,1500803,502,ALGARVE II,ACeS Barlavento,15,Algarve
1500804,Castro Marim,4,'0804,804,150,Algarve,'15,Algarve,'1,Continente,PT,Portugal,T,Total,1500804,503,ALGARVE III,ACeS Sotavento,15,Algarve
1500805,Faro,4,'0805,805,150,Algarve,'15,Algarve,'1,Continente,PT,Portugal,T,Total,1500805,501,ALGARVE I,ACeS Central,15,Algarve
1500806,Lagoa,4,'0806,806,150,Algarve,'15,Algarve,'1,Continente,PT,Portugal,T,Total,1500806,502,ALGARVE II,ACeS Barlavento,15,Algarve
1500807,Lagos,4,'0807,807,150,Algarve,'15,Algarve,'1,Continente,PT,Portugal,T,Total,1500807,502,ALGARVE II,ACeS Barlavento,15,Algarve
1500808,Loulé,4,'0808,808,150,Algarve,'15,Algarve,'1,Continente,PT,Portugal,T,Total,1500808,501,ALGARVE I,ACeS Central,15,Algarve
1500809,Monchique,4,'0809,809,150,Algarve,'15,Algarve,'1,Continente,PT,Portugal,T,Total,1500809,502,ALGARVE II,ACeS Barlavento,15,Algarve
1500810,Olhão,4,'0810,810,150,Algarve,'15,Algarve,'1,Continente,PT,Portugal,T,Total,1500810,501,ALGARVE I,ACeS Central,15,Algarve
1500811,Portimão,4,'0811,811,150,Algarve,'15,Algarve,'1,Continente,PT,Portugal,T,Total,1500811,502,ALGARVE II,ACeS Barlavento,15,Algarve
1500812,São Brás de Alportel,4,'0812,812,150,Algarve,'15,Algarve,'1,Continente,PT,Portugal,T,Total,1500812,501,ALGARVE I,ACeS Central,15,Algarve
1500813,Silves,4,'0813,813,150,Algarve,'15,Algarve,'1,Continente,PT,Portugal,T,Total,1500813,502,ALGARVE II,ACeS Barlavento,15,Algarve
1500814,Tavira,4,'0814,814,150,Algarve,'15,Algarve,'1,Continente,PT,Portugal,T,Total,1500814,503,ALGARVE III,ACeS Sotavento,15,Algarve
1500815,Vila do Bispo,4,'0815,815,150,Algarve,'15,Algarve,'1,Continente,PT,Portugal,T,Total,1500815,502,ALGARVE II,ACeS Barlavento,15,Algarve
1500816,Vila Real de Santo António,4,'0816,816,150,Algarve,'15,Algarve,'1,Continente,PT,Portugal,T,Total,1500816,503,ALGARVE III,ACeS Sotavento,15,Algarve
2004301,Angra do Heroísmo,4,'4301,4301,200,Região Autónoma dos Açores,'20,Região Autónoma dos Açores,'2,Região Autónoma dos Açores,PT,Portugal,T,Total,2004301,243,TERCEIRA,USI Terceira,20,Açores
2004501,Calheta [R.A. Açores],4,'4501,4501,200,Região Autónoma dos Açores,'20,Região Autónoma dos Açores,'2,Região Autónoma dos Açores,PT,Portugal,T,Total,2004501,245,SÃO JORGE,USI São Jorge,20,Açores
2004901,Corvo,4,'4901,4901,200,Região Autónoma dos Açores,'20,Região Autónoma dos Açores,'2,Região Autónoma dos Açores,PT,Portugal,T,Total,2004901,249,CORVO,USI Corvo,20,Açores
2004701,Horta,4,'4701,4701,200,Região Autónoma dos Açores,'20,Região Autónoma dos Açores,'2,Região Autónoma dos Açores,PT,Portugal,T,Total,2004701,247,FAIAL,USI Faial,20,Açores
2004201,Lagoa [R.A. Açores],4,'4201,4201,200,Região Autónoma dos Açores,'20,Região Autónoma dos Açores,'2,Região Autónoma dos Açores,PT,Portugal,T,Total,2004201,242,SÃO MIGUEL,USI São Miguel,20,Açores
2004801,Lajes das Flores,4,'4801,4801,200,Região Autónoma dos Açores,'20,Região Autónoma dos Açores,'2,Região Autónoma dos Açores,PT,Portugal,T,Total,2004801,248,FLORES,USI Flores,20,Açores
2004601,Lajes do Pico,4,'4601,4601,200,Região Autónoma dos Açores,'20,Região Autónoma dos Açores,'2,Região Autónoma dos Açores,PT,Portugal,T,Total,2004601,246,PICO,USI Pico,20,Açores
2004602,Madalena,4,'4602,4602,200,Região Autónoma dos Açores,'20,Região Autónoma dos Açores,'2,Região Autónoma dos Açores,PT,Portugal,T,Total,2004602,246,PICO,USI Pico,20,Açores
2004202,Nordeste,4,'4202,4202,200,Região Autónoma dos Açores,'20,Região Autónoma dos Açores,'2,Região Autónoma dos Açores,PT,Portugal,T,Total,2004202,242,SÃO MIGUEL,USI São Miguel,20,Açores
2004203,Ponta Delgada,4,'4203,4203,200,Região Autónoma dos Açores,'20,Região Autónoma dos Açores,'2,Região Autónoma dos Açores,PT,Portugal,T,Total,2004203,242,SÃO MIGUEL,USI São Miguel,20,Açores
2004204,Povoação,4,'4204,4204,200,Região Autónoma dos Açores,'20,Região Autónoma dos Açores,'2,Região Autónoma dos Açores,PT,Portugal,T,Total,2004204,242,SÃO MIGUEL,USI São Miguel,20,Açores
2004205,Ribeira Grande,4,'4205,4205,200,Região Autónoma dos Açores,'20,Região Autónoma dos Açores,'2,Região Autónoma dos Açores,PT,Portugal,T,Total,2004205,242,SÃO MIGUEL,USI São Miguel,20,Açores
2004401,Santa Cruz da Graciosa,4,'4401,4401,200,Região Autónoma dos Açores,'20,Região Autónoma dos Açores,'2,Região Autónoma dos Açores,PT,Portugal,T,Total,2004401,244,GRACIOSA,USI Graciosa,20,Açores
2004802,Santa Cruz das Flores,4,'4802,4802,200,Região Autónoma dos Açores,'20,Região Autónoma dos Açores,'2,Região Autónoma dos Açores,PT,Portugal,T,Total,2004802,248,FLORES,USI Flores,20,Açores
2004603,São Roque do Pico,4,'4603,4603,200,Região Autónoma dos Açores,'20,Região Autónoma dos Açores,'2,Região Autónoma dos Açores,PT,Portugal,T,Total,2004603,246,PICO,USI Pico,20,Açores
2004502,Velas,4,'4502,4502,200,Região Autónoma dos Açores,'20,Região Autónoma dos Açores,'2,Região Autónoma dos Açores,PT,Portugal,T,Total,2004502,245,SÃO JORGE,USI São Jorge,20,Açores
2004302,Vila da Praia da Vitória,4,'4302,4302,200,Região Autónoma dos Açores,'20,Região Autónoma dos Açores,'2,Região Autónoma dos Açores,PT,Portugal,T,Total,2004302,243,TERCEIRA,USI Terceira,20,Açores
2004101,Vila do Porto,4,'4101,4101,200,Região Autónoma dos Açores,'20,Região Autónoma dos Açores,'2,Região Autónoma dos Açores,PT,Portugal,T,Total,2004101,241,SANTA MARIA,USI Santa Maria,20,Açores
2004206,Vila Franca do Campo,4,'4206,4206,200,Região Autónoma dos Açores,'20,Região Autónoma dos Açores,'2,Região Autónoma dos Açores,PT,Portugal,T,Total,2004206,242,SÃO MIGUEL,USI São Miguel,20,Açores
3003101,Calheta,4,'3101,3101,300,Região Autónoma da Madeira,'30,Região Autónoma da Madeira,'3,Região Autónoma da Madeira,PT,Portugal,T,Total,3003101,3311,MADEIRA OESTE,ACeS Madeira Oeste,30,Madeira
3003102,Câmara de Lobos,4,'3102,3102,300,Região Autónoma da Madeira,'30,Região Autónoma da Madeira,'3,Região Autónoma da Madeira,PT,Portugal,T,Total,3003102,3311,MADEIRA OESTE,ACeS Madeira Oeste,30,Madeira
3003103,Funchal,4,'3103,3103,300,Região Autónoma da Madeira,'30,Região Autónoma da Madeira,'3,Região Autónoma da Madeira,PT,Portugal,T,Total,3003103,3312,FUNCHAL,ACeS Funchal,30,Madeira
3003104,Machico,4,'3104,3104,300,Região Autónoma da Madeira,'30,Região Autónoma da Madeira,'3,Região Autónoma da Madeira,PT,Portugal,T,Total,3003104,3313,MADEIRA ESTE,ACeS Madeira Este,30,Madeira
3003105,Ponta do Sol,4,'3105,3105,300,Região Autónoma da Madeira,'30,Região Autónoma da Madeira,'3,Região Autónoma da Madeira,PT,Portugal,T,Total,3003105,3311,MADEIRA OESTE,ACeS Madeira Oeste,30,Madeira
3003106,Porto Moniz,4,'3106,3106,300,Região Autónoma da Madeira,'30,Região Autónoma da Madeira,'3,Região Autónoma da Madeira,PT,Portugal,T,Total,3003106,3311,MADEIRA OESTE,ACeS Madeira Oeste,30,Madeira
3003201,Porto Santo,4,'3201,3201,300,Região Autónoma da Madeira,'30,Região Autónoma da Madeira,'3,Região Autónoma da Madeira,PT,Portugal,T,Total,3003201,3320,PORTO SANTO,ACeS Porto Santo,30,Madeira
3003107,Ribeira Brava,4,'3107,3107,300,Região Autónoma da Madeira,'30,Região Autónoma da Madeira,'3,Região Autónoma da Madeira,PT,Portugal,T,Total,3003107,3311,MADEIRA OESTE,ACeS Madeira Oeste,30,Madeira
3003108,Santa Cruz,4,'3108,3108,300,Região Autónoma da Madeira,'30,Região Autónoma da Madeira,'3,Região Autónoma da Madeira,PT,Portugal,T,Total,3003108,3313,MADEIRA ESTE,ACeS Madeira Este,30,Madeira
3003109,Santana,4,'3109,3109,300,Região Autónoma da Madeira,'30,Região Autónoma da Madeira,'3,Região Autónoma da Madeira,PT,Portugal,T,Total,3003109,3313,MADEIRA ESTE,ACeS Madeira Este,30,Madeira
3003110,São Vicente,4,'3110,3110,300,Região Autónoma da Madeira,'30,Região Autónoma da Madeira,'3,Região Autónoma da Madeira,PT,Portugal,T,Total,3003110,3311,MADEIRA OESTE,ACeS Madeira Oeste,30,Madeira
9999999,Ignorado,4,'9999,9999,999,Ignorado,'99,Ignorado,'9,Ignorado,PT,Portugal,T,Total,9999999,999,IGNORADO,Ignorado,99,Ignorado
0,Estrangeiro,4,'0000,0,0,Estrangeiro,'00,Estrangeiro,'0,Estrangeiro,YY,Estrangeiro,T,Total,0,0,ESTRANGEIRO,Estrangeiro,YY,Estrangeiro
